accelX       ; accelY       ; accelZ       ; totalAccel   ; gyroX        ; gyroY        ; gyroZ        ; totalGyro   
-0.71783     ; 0.78668      ; 0.25372      ; 1.09477      ; -7.56653     ; 3.76831      ; -3.33466     ; 8.30609     
-0.72137     ; 0.78998      ; 0.24927      ; 1.09844      ; -7.68616     ; 3.68607      ; -3.07297     ; 8.31530     
-0.72333     ; 0.78839      ; 0.25061      ; 1.09889      ; -7.28989     ; 3.64120      ; -3.04306     ; 7.93878     
-0.72180     ; 0.79041      ; 0.24133      ; 1.09726      ; -7.61139     ; 3.61130      ; -3.35709     ; 8.35632     
-0.70984     ; 0.80042      ; 0.23816      ; 1.09602      ; -6.89362     ; 2.44492      ; -4.70291     ; 8.38332     
-0.69159     ; 0.81622      ; 0.22809      ; 1.09386      ; -7.88803     ; 2.33276      ; -4.26926     ; 9.00632     
-0.68713     ; 0.81415      ; 0.23706      ; 1.09142      ; -7.14783     ; 3.37204      ; -2.91595     ; 7.76254     
-0.69159     ; 0.80127      ; 0.24750      ; 1.08701      ; -5.24872     ; 2.04865      ; -1.18881     ; 5.44099     
-0.69232     ; 0.79047      ; 0.24817      ; 1.07969      ; -4.32907     ; 0.06729      ; -0.98694     ; 4.50996     
-0.69550     ; 0.77930      ; 0.24872      ; 1.07372      ; -4.31412     ; -1.13647     ; -0.33646     ; 4.39683     
-0.69543     ; 0.77081      ; 0.24725      ; 1.06720      ; -4.95712     ; -0.95703     ; -1.25610     ; 5.17156     
-0.68671     ; 0.78271      ; 0.23743      ; 1.06798      ; -2.46735     ; -4.20197     ; -3.29727     ; 4.19195     
-0.67645     ; 0.78046      ; 0.23975      ; 1.06027      ; -0.49347     ; -7.32727     ; -4.77768     ; 4.86609     
-0.69763     ; 0.79407      ; 0.22766      ; 1.08123      ; 3.40195      ; -12.23953    ; -6.45248     ; 7.33746     
-0.71289     ; 0.81226      ; 0.20599      ; 1.10018      ; 6.07117      ; -14.37042    ; -7.75345     ; 9.88103     
-0.69446     ; 0.82617      ; 0.22980      ; 1.10347      ; 12.91245     ; -17.06207    ; -10.88623    ; 16.90928    
-0.67468     ; 0.80939      ; 0.29932      ; 1.09540      ; 16.57608     ; -16.15738    ; -11.85074    ; 20.39268    
-0.67310     ; 0.77441      ; 0.34283      ; 1.08181      ; 13.57788     ; -17.98920    ; -10.22827    ; 17.01694    
-0.68982     ; 0.76447      ; 0.33325      ; 1.08227      ; 10.50491     ; -22.50519    ; -10.68436    ; 15.00310    
-0.70966     ; 0.76233      ; 0.27777      ; 1.07792      ; 11.32736     ; -28.33710    ; -12.23953    ; 16.69420    
-0.71161     ; 0.75830      ; 0.26984      ; 1.07435      ; 12.04514     ; -29.87732    ; -15.02838    ; 19.27466    
-0.70197     ; 0.77814      ; 0.27344      ; 1.08306      ; 13.77228     ; -30.46051    ; -16.88263    ; 21.80148    
-0.70990     ; 0.78229      ; 0.27985      ; 1.09282      ; 12.50870     ; -27.97073    ; -18.94623    ; 22.71649    
-0.70972     ; 0.78497      ; 0.27802      ; 1.09415      ; 13.42834     ; -26.82678    ; -20.23972    ; 24.30191    
-0.70728     ; 0.77777      ; 0.27710      ; 1.08718      ; 14.80408     ; -28.98010    ; -21.70517    ; 26.28460    
-0.70221     ; 0.78217      ; 0.27002      ; 1.08526      ; 18.41537     ; -30.97641    ; -23.40240    ; 29.78943    
-0.69788     ; 0.80475      ; 0.25891      ; 1.09621      ; 21.60049     ; -29.53339    ; -24.38187    ; 32.58381    
-0.70563     ; 0.80017      ; 0.28369      ; 1.10393      ; 19.29016     ; -27.27539    ; -23.53699    ; 30.44241    
-0.71979     ; 0.78497      ; 0.31744      ; 1.11133      ; 15.44708     ; -19.52194    ; -20.84534    ; 25.95682    
-0.72681     ; 0.79730      ; 0.31909      ; 1.12506      ; 10.21332     ; -17.20413    ; -21.60797    ; 23.91343    
-0.73230     ; 0.83008      ; 0.29218      ; 1.14484      ; 10.03387     ; -19.79858    ; -22.10144    ; 24.28665    
-0.71075     ; 0.87915      ; 0.28009      ; 1.16470      ; 13.85452     ; -18.26584    ; -21.21170    ; 25.35068    
-0.68323     ; 0.88739      ; 0.28033      ; 1.15449      ; 15.67139     ; -13.28629    ; -16.77795    ; 22.97563    
-0.68372     ; 0.88806      ; 0.31299      ; 1.16365      ; 13.93677     ; -9.21143     ; -14.40033    ; 20.05970    
-0.68146     ; 0.85364      ; 0.35211      ; 1.14763      ; 7.67868      ; -3.03558     ; -10.62454    ; 13.13666    
-0.68195     ; 0.83270      ; 0.35309      ; 1.13275      ; 8.16467      ; -0.64301     ; -7.91046     ; 11.39871    
-0.67828     ; 0.78162      ; 0.33295      ; 1.08713      ; 5.12161      ; -7.01324     ; -8.61328     ; 10.05139    
-0.68274     ; 0.75830      ; 0.30725      ; 1.06562      ; 13.12180     ; -12.25449    ; -9.51797     ; 16.22801    
-0.70361     ; 0.76245      ; 0.28302      ; 1.07541      ; 22.10892     ; -21.45844    ; -9.15161     ; 23.94029    
-0.71021     ; 0.79742      ; 0.22961      ; 1.09225      ; 28.35205     ; -26.54266    ; -11.14792    ; 30.47541    
-0.66675     ; 0.84662      ; 0.22852      ; 1.10161      ; 37.20459     ; -30.01190    ; -16.20972    ; 40.59129    
-0.63348     ; 0.88104      ; 0.24835      ; 1.11320      ; 35.01389     ; -21.03226    ; -13.98911    ; 37.71529    
-0.63147     ; 0.90417      ; 0.28625      ; 1.13940      ; 20.57617     ; -5.36087     ; -5.58517     ; 21.33988    
-0.67572     ; 0.89178      ; 0.31409      ; 1.16212      ; 7.91046      ; 3.89542      ; 3.40942      ; 8.65996     
-0.71106     ; 0.88953      ; 0.30371      ; 1.17860      ; 9.94415      ; 1.46545      ; 5.66742      ; 11.48029    
-0.69800     ; 0.90625      ; 0.28925      ; 1.17990      ; 14.41528     ; -3.23746     ; 5.07675      ; 15.30997    
-0.67535     ; 0.92450      ; 0.24493      ; 1.17081      ; 30.49789     ; -14.10873    ; 3.97766      ; 30.77008    
-0.64795     ; 0.95312      ; 0.19141      ; 1.16830      ; 42.31125     ; -26.07162    ; 4.32159      ; 42.54205    
-0.63080     ; 0.97516      ; 0.13629      ; 1.16937      ; 49.44412     ; -26.89407    ; 6.37024      ; 49.86233    
-0.65247     ; 0.95770      ; 0.12091      ; 1.16513      ; 42.80472     ; -15.94055    ; 13.65265     ; 44.93947    
-0.70917     ; 0.90802      ; 0.14319      ; 1.16100      ; 31.09604     ; -3.37952     ; 19.80606     ; 36.87910    
-0.74860     ; 0.85455      ; 0.15924      ; 1.14718      ; 27.51465     ; 0.20187      ; 21.33133     ; 34.82545    
-0.75891     ; 0.84052      ; 0.14600      ; 1.14181      ; 25.80246     ; -3.85803     ; 21.09207     ; 33.33690    
-0.78064     ; 0.82147      ; 0.14587      ; 1.14258      ; 32.80075     ; -10.59464    ; 18.80417     ; 37.81747    
-0.77539     ; 0.80115      ; 0.13947      ; 1.12362      ; 37.98218     ; -15.20782    ; 16.81534     ; 41.54568    
-0.76544     ; 0.79120      ; 0.13971      ; 1.10969      ; 42.80472     ; -18.07144    ; 13.80966     ; 44.98418    
-0.77106     ; 0.77728      ; 0.11011      ; 1.10037      ; 43.09631     ; -17.61536    ; 11.62643     ; 44.64382    
-0.80188     ; 0.77332      ; 0.08606      ; 1.11733      ; 40.15045     ; -15.37231    ; 11.81335     ; 41.85943    
-0.85217     ; 0.72693      ; 0.09949      ; 1.12451      ; 25.98190     ; -5.21133     ; 15.49194     ; 30.25868    
-0.88379     ; 0.67316      ; 0.09650      ; 1.11514      ; 9.22638      ; 7.27493      ; 17.71255     ; 19.98284    
-0.87982     ; 0.57971      ; 0.06702      ; 1.05577      ; -9.04694     ; 16.70319     ; 18.74435     ; 20.82148    
-0.93097     ; 0.50781      ; -0.01166     ; 1.06052      ; -22.00424    ; 26.36322     ; 15.46951     ; 26.90261    
-0.98297     ; 0.51038      ; -0.00934     ; 1.10761      ; -29.49600    ; 37.19711     ; 8.88245      ; 30.80864    
-0.98065     ; 0.55115      ; 0.02655      ; 1.12523      ; -28.32962    ; 41.58600     ; 3.21503      ; 28.51679    
-0.93176     ; 0.58264      ; 0.08124      ; 1.10193      ; -22.15378    ; 40.62897     ; -8.77029     ; 23.83375    
-0.90228     ; 0.63647      ; 0.08936      ; 1.10779      ; -8.50861     ; 31.55212     ; -20.57617    ; 22.27511    
-0.87042     ; 0.82214      ; -0.01233     ; 1.19738      ; -16.35178    ; 31.03622     ; -25.90714    ; 30.64696    
-0.79041     ; 0.59827      ; 0.14221      ; 1.00144      ; -105.58746   ; 47.07397     ; -9.60770     ; 106.02537   
-0.94940     ; 0.41650      ; 0.26666      ; 1.07049      ; -59.85931    ; 88.33847     ; -8.20953     ; 60.42109    
-0.85413     ; 0.75800      ; 0.08179      ; 1.14489      ; -15.08820    ; 67.05948     ; -11.00586    ; 18.69110    
-0.80573     ; 0.74060      ; 0.06183      ; 1.09613      ; -51.50772    ; 46.44592     ; -41.20468    ; 65.96529    
-0.72729     ; 0.89789      ; 0.13599      ; 1.16347      ; -8.13477     ; 47.85904     ; -63.13416    ; 63.66241    
-0.68024     ; 0.92200      ; 0.16681      ; 1.15785      ; -20.26962    ; 46.55060     ; -62.64816    ; 65.85210    
-0.66809     ; 0.91614      ; 0.16461      ; 1.14575      ; -9.12918     ; 35.06622     ; -66.10245    ; 66.73616    
-0.62378     ; 0.91180      ; 0.17834      ; 1.11906      ; 0.71030      ; 32.92786     ; -75.60547    ; 75.61430    
-0.58435     ; 0.90839      ; 0.15912      ; 1.09176      ; 7.79831      ; 28.20999     ; -79.29153    ; 79.67927    
-0.57513     ; 0.91321      ; 0.12323      ; 1.08624      ; 10.06378     ; 26.63239     ; -79.56818    ; 80.20728    
-0.53870     ; 0.94153      ; 0.11450      ; 1.09077      ; -1.37573     ; 26.17630     ; -79.18686    ; 79.20441    
-0.52185     ; 0.95624      ; 0.11542      ; 1.09546      ; -20.18738    ; 25.30899     ; -78.09525    ; 80.66792    
-0.51715     ; 0.96100      ; 0.15564      ; 1.10236      ; -36.55411    ; 25.38376     ; -74.40170    ; 82.90199    
-0.49176     ; 0.96948      ; 0.19482      ; 1.10439      ; -35.28305    ; 21.10703     ; -73.31009    ; 81.36463    
-0.47729     ; 1.00415      ; 0.22968      ; 1.13529      ; -25.05478    ; 11.21521     ; -71.26892    ; 75.55137    
-0.45453     ; 1.07159      ; 0.20123      ; 1.18127      ; -17.92938    ; 2.05612      ; -70.88760    ; 73.12772    
-0.44495     ; 1.08368      ; 0.16028      ; 1.18238      ; -10.26566    ; -12.71057    ; -68.21091    ; 68.98758    
-0.42499     ; 1.11688      ; 0.15356      ; 1.20483      ; -15.62653    ; -19.43222    ; -56.16577    ; 58.30977    
-0.38306     ; 1.21564      ; 0.13159      ; 1.28134      ; -7.90298     ; -29.48853    ; -43.58231    ; 44.30973    
-0.38269     ; 1.38684      ; 0.11115      ; 1.44296      ; -3.80569     ; -38.22891    ; -28.14270    ; 28.43270    
-0.42902     ; 1.46643      ; 0.11731      ; 1.53240      ; -11.88065    ; -41.37665    ; -5.17395     ; 13.04109    
-0.56482     ; 1.46729      ; 0.14270      ; 1.57871      ; -11.97784    ; -42.96173    ; 11.05820     ; 16.36782    
-0.64874     ; 1.50952      ; 0.13409      ; 1.64849      ; -4.77020     ; -50.78995    ; 42.01965     ; 42.31648    
-0.74036     ; 1.49823      ; 0.07355      ; 1.67279      ; 2.01126      ; -62.79770    ; 68.09128     ; 68.13745    
-0.84381     ; 1.43683      ; 0.08398      ; 1.66840      ; -0.81497     ; -61.72852    ; 91.53107     ; 91.54597    
-0.91852     ; 1.35815      ; 0.20551      ; 1.65242      ; -2.81876     ; -52.66663    ; 113.07922    ; 113.12251   
-1.00018     ; 1.23712      ; 0.30969      ; 1.62072      ; -2.62436     ; -45.45151    ; 130.75439    ; 130.78658   
-1.01062     ; 1.08783      ; 0.34186      ; 1.52368      ; 4.17206      ; -43.90381    ; 134.14139    ; 134.21066   
-0.98499     ; 1.00787      ; 0.33527      ; 1.44859      ; 17.12936     ; -51.35071    ; 132.93762    ; 134.04045   
-0.99133     ; 1.03418      ; 0.27625      ; 1.45897      ; 36.53168     ; -61.78833    ; 128.60107    ; 133.69319   
-1.05322     ; 1.04236      ; 0.24103      ; 1.50129      ; 35.52231     ; -59.90417    ; 128.18985    ; 133.02466   
-1.03632     ; 0.93469      ; 0.30157      ; 1.42778      ; 23.76129     ; -33.59329    ; 128.29453    ; 130.47972   
-0.99835     ; 0.79773      ; 0.35846      ; 1.32724      ; 2.29538      ; -8.99460     ; 126.55243    ; 126.57576   
-0.93420     ; 0.66479      ; 0.34302      ; 1.19681      ; -4.08981     ; -4.89731     ; 123.08319    ; 123.15292   
-0.89478     ; 0.56226      ; 0.31366      ; 1.10233      ; -6.57959     ; -6.10855     ; 110.14832    ; 110.34608   
-0.89240     ; 0.51489      ; 0.30981      ; 1.07586      ; -2.75146     ; -9.73480     ; 91.46378     ; 91.50660    
-0.82013     ; 0.49463      ; 0.31360      ; 1.00778      ; 6.02631      ; -12.26944    ; 71.05209     ; 71.30891    
-0.74841     ; 0.51532      ; 0.30737      ; 0.95925      ; 4.38889      ; -5.59265     ; 53.00308     ; 53.18698    
-0.70087     ; 0.50287      ; 0.29175      ; 0.91061      ; 0.74768      ; -4.42627     ; 43.22342     ; 43.23281    
-0.67816     ; 0.46265      ; 0.27173      ; 0.86474      ; 1.46545      ; -7.79831     ; 37.45880     ; 37.49031    
-0.68970     ; 0.43182      ; 0.25348      ; 0.85229      ; 5.81696      ; -13.52554    ; 21.38367     ; 22.16494    
-0.70154     ; 0.41699      ; 0.24237      ; 0.85134      ; 9.78714      ; -8.57590     ; 7.23755      ; 12.17966    
-0.70081     ; 0.43683      ; 0.24011      ; 0.86000      ; 8.06000      ; -3.37952     ; -8.41888     ; 11.66328    
-0.69257     ; 0.47540      ; 0.23114      ; 0.87125      ; 3.40942      ; 6.45996      ; -22.66220    ; 22.92216    
-0.69818     ; 0.50586      ; 0.23328      ; 0.89318      ; -3.35709     ; 9.87686      ; -31.55960    ; 31.74168    
-0.73413     ; 0.51361      ; 0.23859      ; 0.92718      ; -4.64310     ; 11.79840     ; -41.88507    ; 42.14477    
-0.79730     ; 0.54462      ; 0.24731      ; 0.99673      ; -3.90289     ; 17.45834     ; -47.32819    ; 47.49196    
-0.80786     ; 0.59961      ; 0.25818      ; 1.03867      ; -1.15891     ; 19.38736     ; -59.38828    ; 59.40261    
-0.81934     ; 0.67090      ; 0.23053      ; 1.08377      ; 2.82623      ; 20.09018     ; -73.04092    ; 73.09866    
-0.85266     ; 0.75720      ; 0.20850      ; 1.15925      ; 5.17395      ; 21.35376     ; -83.41873    ; 83.58246    
-0.92163     ; 0.83417      ; 0.20844      ; 1.26043      ; 5.72723      ; 25.11459     ; -89.45251    ; 89.63955    
-0.95135     ; 0.88965      ; 0.25970      ; 1.32816      ; 6.30295      ; 28.66608     ; -96.39847    ; 96.60840    
-0.94244     ; 0.92200      ; 0.27887      ; 1.34761      ; 2.73651      ; 37.96722     ; -101.58737   ; 101.62840   
-0.83112     ; 0.94995      ; 0.26880      ; 1.29051      ; -3.50662     ; 44.66644     ; -114.24561   ; 114.30335   
-0.82458     ; 1.05939      ; 0.20160      ; 1.35753      ; -4.74777     ; 35.18585     ; -121.19156   ; 121.28915   
-0.86902     ; 1.20837      ; 0.15259      ; 1.49621      ; 1.08414      ; 26.93893     ; -117.66251   ; 117.67371   
-0.90234     ; 1.25897      ; 0.17310      ; 1.55859      ; 1.64490      ; 31.42502     ; -109.55765   ; 109.57722   
-0.92462     ; 1.27368      ; 0.23724      ; 1.59169      ; -4.09729     ; 34.32602     ; -105.13885   ; 105.22637   
-0.89740     ; 1.23749      ; 0.20245      ; 1.54198      ; -5.45807     ; 31.43997     ; -105.81924   ; 105.96714   
-0.82880     ; 1.23865      ; 0.13110      ; 1.49611      ; -2.30286     ; 21.74255     ; -104.39865   ; 104.43139   
-0.69855     ; 1.21863      ; 0.05902      ; 1.40588      ; -3.85056     ; 16.41159     ; -103.39676   ; 103.47561   
-0.60602     ; 1.13391      ; -0.00269     ; 1.28570      ; -11.34979    ; 21.96686     ; -101.04156   ; 101.68334   
-0.54376     ; 1.05444      ; 0.00037      ; 1.18639      ; -33.25684    ; 31.41006     ; -94.00589    ; 99.72079    
-0.51868     ; 0.99963      ; 0.02002      ; 1.12636      ; -47.87399    ; 34.81949     ; -80.79437    ; 93.91831    
-0.52289     ; 0.99976      ; 0.02246      ; 1.12846      ; -42.87201    ; 34.00452     ; -73.85590    ; 85.40318    
-0.54474     ; 1.01611      ; 0.01379      ; 1.15300      ; -27.43988    ; 29.91470     ; -64.71924    ; 70.30334    
-0.51636     ; 1.00952      ; 0.09033      ; 1.13751      ; -19.58176    ; 30.07919     ; -62.17712    ; 65.19554    
-0.51514     ; 0.99792      ; 0.16986      ; 1.13581      ; -16.94992    ; 28.77075     ; -58.09479    ; 60.52520    
-0.52179     ; 0.98889      ; 0.16724      ; 1.13055      ; -12.71057    ; 25.43610     ; -45.36926    ; 47.12650    
-0.51154     ; 1.02106      ; 0.13751      ; 1.15028      ; -13.79471    ; 15.66391     ; -32.53159    ; 35.35026    
-0.50232     ; 1.07275      ; 0.07721      ; 1.18705      ; -13.00964    ; 8.59085      ; -27.11838    ; 30.09665    
-0.50720     ; 1.08344      ; 0.04694      ; 1.19720      ; -2.88605     ; -0.32898     ; -14.21341    ; 14.54387    
-0.51031     ; 1.09680      ; 0.08411      ; 1.21263      ; 3.46924      ; -4.71786     ; 2.93091      ; 4.67213     
-0.52081     ; 1.05603      ; 0.11908      ; 1.18348      ; -3.77579     ; -8.66562     ; 16.45645     ; 16.91705    
-0.53320     ; 1.01105      ; 0.12811      ; 1.15019      ; -8.50861     ; -1.69724     ; 30.99884     ; 32.16126    
-0.56458     ; 0.98663      ; 0.10480      ; 1.14157      ; -5.38330     ; -4.53094     ; 44.35242     ; 44.68882    
-0.59033     ; 0.94891      ; 0.09790      ; 1.12183      ; -10.50491    ; -10.07126    ; 49.10019     ; 50.22034    
-0.65930     ; 0.93854      ; -0.01636     ; 1.14708      ; -8.47122     ; -21.17432    ; 57.39944     ; 58.02877    
-0.66083     ; 0.97778      ; -0.02435     ; 1.18040      ; -12.71805    ; -19.49203    ; 60.80887     ; 62.13231    
-0.71649     ; 0.96313      ; 0.03271      ; 1.20086      ; -9.57779     ; -20.16495    ; 62.30423     ; 63.04347    
-0.75208     ; 0.94330      ; 0.11237      ; 1.21163      ; -0.03738     ; -21.45096    ; 67.02209     ; 67.02874    
-0.78198     ; 1.06482      ; 0.19250      ; 1.33506      ; 0.36636      ; -21.89957    ; 68.69690     ; 68.70613    
-0.76526     ; 1.32245      ; 0.28058      ; 1.55345      ; 0.32150      ; -22.58743    ; 69.65393     ; 69.66723    
-0.80157     ; 1.40344      ; 0.24463      ; 1.63463      ; 0.54581      ; -29.42123    ; 83.00003     ; 83.01369    
-0.93463     ; 1.46899      ; 0.13562      ; 1.74639      ; 4.59824      ; -37.75787    ; 103.64349    ; 103.75584   
-0.95941     ; 1.39044      ; 0.16754      ; 1.69761      ; -3.89542     ; -40.46448    ; 113.37830    ; 113.45371   
-1.01715     ; 1.21167      ; 0.24664      ; 1.60112      ; -6.89362     ; -41.33926    ; 118.95599    ; 119.16174   
-0.98828     ; 1.05475      ; 0.30353      ; 1.47693      ; -5.13657     ; -34.81949    ; 119.07562    ; 119.19102   
-0.95038     ; 0.90967      ; 0.30627      ; 1.35075      ; -3.93280     ; -34.20639    ; 115.27740    ; 115.34806   
-0.92859     ; 0.78375      ; 0.29504      ; 1.25044      ; 2.59445      ; -39.30557    ; 106.15570    ; 106.19029   
-0.92694     ; 0.68842      ; 0.28729      ; 1.18982      ; 1.17386      ; -41.63834    ; 99.76303     ; 99.77231    
-0.93555     ; 0.58313      ; 0.25916      ; 1.13245      ; -8.63571     ; -36.19522    ; 94.43954     ; 94.83535    
-0.91089     ; 0.45160      ; 0.23950      ; 1.04452      ; -17.36115    ; -26.84174    ; 82.91779     ; 84.71701    
-0.91333     ; 0.40247      ; 0.24133      ; 1.02684      ; -4.53842     ; -20.89767    ; 62.82013     ; 62.98514    
-0.84723     ; 0.42255      ; 0.29932      ; 0.99294      ; 1.10657      ; -20.59860    ; 51.56754     ; 51.58114    
-0.72662     ; 0.52368      ; 0.35199      ; 0.96235      ; 11.31989     ; -21.50330    ; 27.64175     ; 29.87441    
-0.67261     ; 0.58777      ; 0.34491      ; 0.95752      ; 7.44690      ; -10.17593    ; 16.44897     ; 18.06573    
-0.66595     ; 0.58838      ; 0.27814      ; 0.93115      ; -4.10477     ; -5.80200     ; 21.06216     ; 21.46649    
-0.68512     ; 0.47894      ; 0.26849      ; 0.87799      ; -19.51447    ; -2.74399     ; 15.58167     ; 24.97663    
-0.68817     ; 0.47412      ; 0.26746      ; 0.87744      ; -12.16476    ; -0.31403     ; 4.98703      ; 13.15586    
-0.68933     ; 0.48975      ; 0.24481      ; 0.88032      ; -9.25629     ; 0.40375      ; -10.01892    ; 13.64908    
-0.68170     ; 0.49310      ; 0.23529      ; 0.87363      ; -2.36267     ; 6.56464      ; -20.71823    ; 20.85834    
-0.69427     ; 0.51923      ; 0.24396      ; 0.90063      ; 1.70471      ; 7.47681      ; -34.22134    ; 34.26771    
-0.71350     ; 0.59607      ; 0.23285      ; 0.95844      ; 3.51410      ; 8.77777      ; -46.73752    ; 46.87323    
-0.71014     ; 0.65698      ; 0.26074      ; 1.00196      ; -6.60950     ; 11.78345     ; -59.02939    ; 59.40190    
-0.72748     ; 0.72345      ; 0.23907      ; 1.05345      ; -7.36465     ; 17.08450     ; -66.79779    ; 67.20644    
-0.76416     ; 0.79907      ; 0.21539      ; 1.12643      ; -6.67679     ; 19.24530     ; -69.40720    ; 69.73218    
-0.77844     ; 0.83606      ; 0.17310      ; 1.15539      ; -7.38708     ; 22.07901     ; -70.41656    ; 70.80791    
-0.79291     ; 0.86951      ; 0.18372      ; 1.19101      ; -5.92163     ; 32.05307     ; -72.05399    ; 72.30213    
-0.84601     ; 0.89490      ; 0.22089      ; 1.25114      ; -3.52905     ; 42.25891     ; -71.93436    ; 72.02643    
-0.87781     ; 0.93475      ; 0.27905      ; 1.31232      ; 0.12711      ; 45.66086     ; -74.49890    ; 74.50488    
-0.91113     ; 1.00323      ; 0.32355      ; 1.39331      ; -1.58508     ; 44.55429     ; -78.99246    ; 79.01473    
-0.84021     ; 1.04321      ; 0.30182      ; 1.37308      ; -4.41879     ; 42.67761     ; -85.38513    ; 85.50576    
-0.72064     ; 1.07556      ; 0.19757      ; 1.30965      ; -4.99451     ; 41.16730     ; -88.90671    ; 89.05338    
-0.72083     ; 1.12659      ; 0.14050      ; 1.34482      ; -7.81326     ; 38.84201     ; -91.47873    ; 91.81870    
-0.78351     ; 1.13220      ; 0.10590      ; 1.38093      ; -6.32538     ; 41.48880     ; -84.99634    ; 85.23890    
-0.82800     ; 1.11987      ; 0.16956      ; 1.40302      ; -8.77777     ; 49.54132     ; -76.32324    ; 76.83450    
-0.82086     ; 1.08978      ; 0.19788      ; 1.37862      ; -7.03568     ; 49.95255     ; -74.13254    ; 74.47363    
-0.75665     ; 1.04291      ; 0.17871      ; 1.30081      ; -12.60590    ; 45.30197     ; -76.63727    ; 77.67411    
-0.67072     ; 1.01300      ; 0.16064      ; 1.22549      ; -16.88263    ; 43.02902     ; -76.92886    ; 78.76611    
-0.62567     ; 0.98627      ; 0.11823      ; 1.17395      ; -19.13315    ; 40.08316     ; -73.65402    ; 76.10496    
-0.61761     ; 0.96503      ; 0.08856      ; 1.14916      ; -17.64526    ; 37.51862     ; -68.87634    ; 71.10722    
-0.61212     ; 0.97650      ; 0.09314      ; 1.15625      ; -8.44879     ; 30.30350     ; -64.06876    ; 64.63081    
-0.57990     ; 1.02014      ; 0.06641      ; 1.17532      ; -1.66733     ; 19.79111     ; -61.86310    ; 61.89397    
-0.53766     ; 1.03558      ; 0.06738      ; 1.16878      ; -1.09909     ; 16.37421     ; -59.29108    ; 59.31030    
-0.53876     ; 1.00568      ; 0.08905      ; 1.14437      ; -1.08414     ; 17.69760     ; -55.49286    ; 55.51256    
-0.52979     ; 0.99072      ; 0.12384      ; 1.13028      ; -0.56076     ; 22.08649     ; -45.24216    ; 45.25648    
-0.54474     ; 0.98663      ; 0.17279      ; 1.14019      ; -4.44870     ; 21.18927     ; -35.66437    ; 35.95430    
-0.54053     ; 1.00031      ; 0.16309      ; 1.14864      ; -8.44131     ; 16.60599     ; -23.58932    ; 25.07414    
-0.52936     ; 1.01666      ; 0.15448      ; 1.15658      ; -10.90866    ; 14.91623     ; -13.92181    ; 17.71580    
-0.51324     ; 0.98645      ; 0.20337      ; 1.13043      ; -16.97983    ; 11.88812     ; -4.13467     ; 17.50381    
-0.52338     ; 0.95184      ; 0.20129      ; 1.10474      ; -17.30133    ; 8.24692      ; 1.06918      ; 17.36045    
-0.52618     ; 0.93597      ; 0.17609      ; 1.08808      ; -10.96100    ; 0.32150      ; 7.79083      ; 13.48023    
-0.52826     ; 0.91785      ; 0.12671      ; 1.06656      ; -5.64499     ; -7.64877     ; 10.66193     ; 12.09897    
-0.55255     ; 0.88794      ; 0.12384      ; 1.05313      ; -2.80380     ; -17.07703    ; 17.84714     ; 18.08784    
-0.57220     ; 0.89386      ; 0.14093      ; 1.07064      ; -2.22061     ; -26.50528    ; 26.72211     ; 26.82911    
-0.57373     ; 0.94519      ; 0.09735      ; 1.10997      ; -2.72156     ; -34.15405    ; 30.50537     ; 30.64112    
-0.58081     ; 1.00397      ; 0.04187      ; 1.16062      ; -4.58328     ; -33.75778    ; 31.68671     ; 32.03220    
-0.61768     ; 1.05920      ; 0.07648      ; 1.22853      ; -11.99280    ; -23.63419    ; 37.48123     ; 39.36740    
-0.64771     ; 1.07977      ; 0.11218      ; 1.26413      ; -11.70120    ; -16.09009    ; 46.83472     ; 48.28638    
-0.68951     ; 1.09814      ; 0.20032      ; 1.31205      ; -15.64896    ; -16.86768    ; 53.87787     ; 56.11524    
-0.75067     ; 1.17578      ; 0.25104      ; 1.41739      ; -8.65814     ; -26.72958    ; 65.03326     ; 65.61761    
-0.77063     ; 1.33911      ; 0.31342      ; 1.57649      ; -3.05801     ; -37.63824    ; 74.08768     ; 74.16285    
-0.75452     ; 1.46490      ; 0.28210      ; 1.67177      ; -3.69354     ; -40.12054    ; 78.25226     ; 78.35307    
-0.81238     ; 1.38831      ; 0.30811      ; 1.63777      ; -23.81363    ; -47.57492    ; 95.89752     ; 98.81979    
-0.92621     ; 1.23187      ; 0.27692      ; 1.56590      ; -11.46194    ; -51.83670    ; 113.93906    ; 114.52075   
-0.96820     ; 1.07581      ; 0.24683      ; 1.46823      ; -11.63391    ; -52.11334    ; 118.67935    ; 119.25307   
-0.98474     ; 0.91943      ; 0.20496      ; 1.36275      ; 2.95334      ; -57.90039    ; 112.36893    ; 112.41149   
-0.96375     ; 0.77295      ; 0.14984      ; 1.24447      ; 6.29547      ; -58.02002    ; 99.79294     ; 99.99430    
-0.93732     ; 0.69470      ; 0.13165      ; 1.17410      ; 9.77966      ; -55.32837    ; 83.95706     ; 84.52759    
-0.88440     ; 0.63947      ; 0.17505      ; 1.10531      ; 13.93677     ; -47.49268    ; 76.70456     ; 77.96301    
-0.83917     ; 0.56299      ; 0.24011      ; 1.03866      ; 0.21683      ; -35.22324    ; 63.13416     ; 63.13704    
-0.78949     ; 0.50244      ; 0.27673      ; 0.97587      ; -15.46204    ; -18.93127    ; 51.78436     ; 54.04579    
-0.78503     ; 0.51935      ; 0.31787      ; 0.99350      ; -10.39276    ; -8.68805     ; 44.87579     ; 46.06643    
-0.75494     ; 0.61938      ; 0.32800      ; 1.03013      ; -10.86380    ; -4.45618     ; 38.67004     ; 40.17186    
-0.68140     ; 0.76428      ; 0.32745      ; 1.07501      ; -9.42078     ; -1.71219     ; 32.50916     ; 33.85529    
-0.65814     ; 0.71100      ; 0.28485      ; 1.00986      ; -7.24503     ; -1.99631     ; 29.34647     ; 30.23592    
-0.68481     ; 0.60992      ; 0.26025      ; 0.95326      ; -3.84308     ; 3.17764      ; 32.93533     ; 33.16440    
-0.66095     ; 0.56171      ; 0.30176      ; 0.91838      ; -3.05801     ; 0.65796      ; 25.71274     ; 25.90004    
-0.67078     ; 0.49750      ; 0.32678      ; 0.89679      ; -8.90488     ; 1.10657      ; 9.64508      ; 13.13666    
-0.68671     ; 0.48199      ; 0.30426      ; 0.89245      ; -6.69922     ; 6.43753      ; -3.81317     ; 7.72348     
-0.69476     ; 0.46313      ; 0.26312      ; 0.87546      ; -9.77219     ; 5.54779      ; -16.60599    ; 19.27353    
-0.70746     ; 0.47168      ; 0.24152      ; 0.88392      ; -10.90866    ; 5.55527      ; -23.16315    ; 25.60767    
-0.71136     ; 0.52899      ; 0.24762      ; 0.92043      ; -4.57581     ; 10.18341     ; -40.47943    ; 40.74067    
-0.73090     ; 0.60858      ; 0.26471      ; 0.98724      ; 1.53275      ; 10.37781     ; -55.16388    ; 55.18853    
-0.71527     ; 0.73578      ; 0.27240      ; 1.06169      ; 15.71625     ; 7.02820      ; -66.10992    ; 67.95634    
-0.68500     ; 0.86066      ; 0.25574      ; 1.12932      ; 20.11261     ; 4.37393      ; -74.40918    ; 77.08427    
-0.68640     ; 0.88757      ; 0.22314      ; 1.14400      ; 14.04892     ; 10.63950     ; -75.78491    ; 77.08121    
-0.73944     ; 0.86151      ; 0.22150      ; 1.15673      ; 10.59464     ; 15.15549     ; -74.73816    ; 75.49027    
-0.79919     ; 0.87872      ; 0.22974      ; 1.20981      ; 6.10107      ; 24.53888     ; -72.92877    ; 73.18880    
-0.90552     ; 0.92151      ; 0.22729      ; 1.31179      ; 1.64490      ; 30.36331     ; -73.57178    ; 73.59593    
-0.90259     ; 0.91907      ; 0.24774      ; 1.31176      ; 7.54410      ; 37.30179     ; -80.03922    ; 80.39922    
-0.81232     ; 0.93823      ; 0.30524      ; 1.27801      ; 7.31232      ; 42.50565     ; -91.98715    ; 92.28210    
-0.71039     ; 0.96576      ; 0.30792      ; 1.23780      ; 4.97955      ; 41.17477     ; -98.11066    ; 98.24169    
-0.67188     ; 1.05719      ; 0.19708      ; 1.26803      ; 4.38889      ; 38.73734     ; -98.37234    ; 98.47588    
-0.82281     ; 1.06274      ; 0.06500      ; 1.34561      ; -3.50662     ; 40.47195     ; -90.23010    ; 90.30447    
-0.99042     ; 1.03223      ; 0.05524      ; 1.43160      ; -20.29205    ; 56.57700     ; -74.43161    ; 77.15502    
-1.01056     ; 1.04883      ; 0.21014      ; 1.47154      ; -35.34286    ; 70.71564     ; -70.21469    ; 78.61502    
-0.89441     ; 1.10114      ; 0.28772      ; 1.44750      ; -26.53519    ; 69.54178     ; -88.83194    ; 92.71700    
-0.74457     ; 1.11096      ; 0.30475      ; 1.37167      ; -19.52942    ; 52.12830     ; -97.49008    ; 99.43314    
-0.59174     ; 1.15021      ; 0.26672      ; 1.32071      ; -15.08820    ; 46.42349     ; -96.95923    ; 98.13291    
-0.52032     ; 1.11981      ; 0.20935      ; 1.25242      ; -11.46942    ; 38.12424     ; -88.51044    ; 89.25748    
-0.50903     ; 1.05707      ; 0.11981      ; 1.17935      ; -8.23196     ; 35.65689     ; -80.86914    ; 81.29391    
-0.49359     ; 1.02301      ; 0.04547      ; 1.13677      ; -4.82254     ; 28.60626     ; -72.71194    ; 72.87888    
-0.52216     ; 0.98071      ; 0.03394      ; 1.11157      ; -4.55338     ; 18.22845     ; -63.40332    ; 63.57418    
-0.52667     ; 0.98169      ; 0.08667      ; 1.11741      ; -2.10098     ; 9.07684      ; -53.30215    ; 53.35258    
-0.52795     ; 0.99957      ; 0.09674      ; 1.13457      ; 0.11963      ; 4.36646      ; -49.25720    ; 49.26749    
-0.51263     ; 1.01965      ; 0.08765      ; 1.14463      ; -1.77200     ; -0.39627     ; -39.82147    ; 39.87392    
-0.50354     ; 1.04559      ; 0.05908      ; 1.16203      ; -8.72543     ; 4.30664      ; -25.69031    ; 27.15177    
-0.50995     ; 1.01349      ; 0.06738      ; 1.13655      ; -16.13495    ; 12.28439     ; -11.58905    ; 19.89145    
-0.51569     ; 0.98126      ; 0.12653      ; 1.11571      ; -22.81174    ; 16.19476     ; -1.84677     ; 22.90740    
-0.51160     ; 0.95996      ; 0.16467      ; 1.10017      ; -21.27899    ; 13.10684     ; 5.65247      ; 22.03786    
-0.50818     ; 0.94739      ; 0.17157      ; 1.08868      ; -18.20602    ; 9.74976      ; 9.42078      ; 20.52091    
-0.51245     ; 0.97443      ; 0.14850      ; 1.11093      ; -12.81525    ; -3.65616     ; 17.27142     ; 21.52864    
-0.54291     ; 0.98163      ; 0.11835      ; 1.12798      ; -9.65256     ; -16.82281    ; 26.46042     ; 28.18314    
-0.58295     ; 0.99921      ; 0.11609      ; 1.16263      ; -7.59644     ; -21.48087    ; 35.48492     ; 36.30267    
-0.58411     ; 1.07922      ; 0.07233      ; 1.22928      ; -4.30664     ; -23.23044    ; 44.51691     ; 44.73775    
-0.59161     ; 1.11731      ; 0.05194      ; 1.26534      ; -7.97028     ; -20.79300    ; 52.75635     ; 53.36671    
-0.65460     ; 1.09747      ; 0.08698      ; 1.28083      ; -12.19467    ; -16.66580    ; 57.42935     ; 58.72005    
-0.67676     ; 1.13074      ; 0.18579      ; 1.33082      ; -18.50510    ; -6.47491     ; 68.55484     ; 71.01749    
-0.74115     ; 1.17389      ; 0.27844      ; 1.41593      ; -25.19684    ; -5.68237     ; 80.30838     ; 84.17657    
-0.79602     ; 1.20532      ; 0.23987      ; 1.46424      ; -22.79678    ; -17.95929    ; 95.00778     ; 97.71194    
-0.91858     ; 1.20331      ; 0.24280      ; 1.53320      ; -32.79327    ; -25.84732    ; 105.33325    ; 110.32652   
-1.00653     ; 1.16931      ; 0.26410      ; 1.56529      ; -28.29224    ; -32.78580    ; 112.31659    ; 115.83106   
-1.03748     ; 1.10907      ; 0.29999      ; 1.54803      ; -25.37628    ; -37.78030    ; 112.65305    ; 115.48114   
-1.04462     ; 1.05792      ; 0.31879      ; 1.52054      ; -20.52383    ; -49.64600    ; 108.39874    ; 110.32966   
-0.99536     ; 0.97961      ; 0.34277      ; 1.43801      ; -18.50510    ; -57.05551    ; 101.90887    ; 103.58000   
-0.91248     ; 0.92847      ; 0.34998      ; 1.34802      ; -9.30115     ; -56.98074    ; 92.97409     ; 93.44279    
-0.82623     ; 0.91351      ; 0.28601      ; 1.26450      ; 1.84677      ; -61.48178    ; 87.43378     ; 87.45805    
-0.78101     ; 0.84796      ; 0.17700      ; 1.16634      ; 12.16476     ; -63.27621    ; 82.82059     ; 83.71350    
-0.76202     ; 0.77930      ; 0.12653      ; 1.09727      ; 14.54239     ; -59.23874    ; 79.29153     ; 80.61784    
-0.79242     ; 0.70886      ; 0.11926      ; 1.06988      ; 14.93866     ; -44.59915    ; 76.92139     ; 78.36176    
-0.78229     ; 0.65710      ; 0.19202      ; 1.03953      ; 5.83939      ; -28.50159    ; 68.54736     ; 68.79877    
-0.73840     ; 0.61273      ; 0.25983      ; 0.99408      ; 0.82993      ; -13.65265    ; 55.36575     ; 55.37536    
-0.68884     ; 0.53821      ; 0.32214      ; 0.93164      ; -10.62454    ; -3.12531     ; 43.45520     ; 44.73841    
-0.65887     ; 0.49762      ; 0.33978      ; 0.89286      ; -10.08621    ; 7.16278      ; 39.67941     ; 40.94429    
-0.65533     ; 0.46851      ; 0.32819      ; 0.86987      ; -13.42087    ; 4.06738      ; 30.55023     ; 33.37148    
-0.66895     ; 0.48206      ; 0.30591      ; 0.87946      ; -12.65823    ; 0.93460      ; 21.95938     ; 25.35109    
-0.67236     ; 0.48511      ; 0.28119      ; 0.87548      ; -8.52356     ; 5.48798      ; 6.29547      ; 10.60751    
-0.65820     ; 0.51703      ; 0.28662      ; 0.88470      ; -3.79822     ; 11.05072     ; -1.35330     ; 4.06512     
-0.63495     ; 0.54803      ; 0.32257      ; 0.89864      ; 2.43744      ; 7.49924      ; -11.96289    ; 12.22097    
-0.65808     ; 0.52264      ; 0.33264      ; 0.90381      ; -0.67291     ; 8.86749      ; -27.30530    ; 27.31859    
-0.70831     ; 0.51624      ; 0.32745      ; 0.93565      ; -7.41699     ; 16.47141     ; -34.04190    ; 34.84436    
-0.74103     ; 0.53845      ; 0.30804      ; 0.96641      ; -10.06378    ; 18.64716     ; -39.11118    ; 40.38878    
-0.75885     ; 0.58130      ; 0.27283      ; 0.99408      ; -7.87308     ; 20.27710     ; -53.20496    ; 53.78746    
-0.77002     ; 0.65021      ; 0.25446      ; 1.03945      ; 8.07495      ; 17.72003     ; -69.52682    ; 69.99719    
-0.79321     ; 0.72809      ; 0.24945      ; 1.10523      ; 22.52014     ; 10.26566     ; -81.91589    ; 84.95823    
-0.81561     ; 0.82385      ; 0.24323      ; 1.18453      ; 25.87723     ; 8.08243      ; -90.45441    ; 94.08671    
-0.83173     ; 0.88629      ; 0.25287      ; 1.24146      ; 14.13864     ; 15.20782     ; -94.42459    ; 95.48136    
-0.87677     ; 0.95258      ; 0.26697      ; 1.32189      ; 10.00397     ; 18.54248     ; -94.52179    ; 95.05449    
-0.87366     ; 1.00928      ; 0.23743      ; 1.35584      ; 13.32367     ; 24.38934     ; -92.52548    ; 93.48531    
-0.82385     ; 1.05481      ; 0.21802      ; 1.35606      ; 9.11423      ; 34.53537     ; -95.43396    ; 95.87399    
-0.76532     ; 1.07172      ; 0.21021      ; 1.33360      ; 8.62076      ; 41.23459     ; -99.92004    ; 100.29697   
-0.82495     ; 1.13110      ; 0.22540      ; 1.41801      ; 6.63940      ; 44.04587     ; -99.32190    ; 99.54999    
-0.83429     ; 1.15546      ; 0.22498      ; 1.44282      ; 7.45438      ; 47.02164     ; -92.87689    ; 93.18272    
-0.81262     ; 1.18060      ; 0.19006      ; 1.44579      ; 6.60950      ; 47.61230     ; -92.20398    ; 92.44811    
-0.71265     ; 1.14313      ; 0.18597      ; 1.35985      ; -0.29907     ; 46.38611     ; -95.32928    ; 95.33661    
-0.61621     ; 1.11304      ; 0.20166      ; 1.28811      ; -8.47870     ; 47.30576     ; -95.23956    ; 95.62270    
-0.59271     ; 1.09833      ; 0.19574      ; 1.26331      ; -16.17233    ; 50.64789     ; -84.24118    ; 85.78652    
-0.60876     ; 1.08002      ; 0.15308      ; 1.24919      ; -24.27719    ; 51.30585     ; -67.90436    ; 72.12177    
-0.63605     ; 1.03638      ; 0.09723      ; 1.21987      ; -25.18188    ; 48.80112     ; -58.34152    ; 63.55261    
-0.64032     ; 1.01697      ; 0.07739      ; 1.20425      ; -22.65472    ; 46.36368     ; -56.89850    ; 61.25120    
-0.59705     ; 1.03955      ; 0.07892      ; 1.20140      ; -16.69571    ; 35.84381     ; -55.20126    ; 57.68021    
-0.55829     ; 1.03241      ; 0.07404      ; 1.17603      ; -13.50311    ; 24.99496     ; -49.23477    ; 51.06332    
-0.53931     ; 1.01575      ; 0.08533      ; 1.15320      ; -9.40582     ; 20.06775     ; -42.22153    ; 43.26845    
-0.52277     ; 0.99152      ; 0.10413      ; 1.12571      ; -9.30115     ; 19.43970     ; -34.91669    ; 36.14788    
-0.50348     ; 0.96368      ; 0.08899      ; 1.09092      ; -7.81326     ; 18.14621     ; -27.64923    ; 28.74814    
-0.50897     ; 0.95331      ; 0.07196      ; 1.08306      ; -9.86938     ; 17.14432     ; -23.68652    ; 25.67810    
-0.51190     ; 0.92963      ; 0.08978      ; 1.06504      ; -12.86758    ; 13.74985     ; -13.89191    ; 18.95848    
-0.52350     ; 0.91937      ; 0.13007      ; 1.06593      ; -11.41708    ; 5.88425      ; -4.46365     ; 12.29306    
-0.53461     ; 0.92725      ; 0.14087      ; 1.07955      ; -9.12170     ; -5.03189     ; 3.40195      ; 9.77949     
-0.53705     ; 0.95953      ; 0.11688      ; 1.10580      ; -3.10287     ; -10.35538    ; 8.51608      ; 9.11440     
-0.54254     ; 0.96771      ; 0.09369      ; 1.11337      ; -3.10287     ; -10.59464    ; 12.84515     ; 13.24999    
-0.53796     ; 0.98505      ; 0.09259      ; 1.12619      ; -4.20944     ; -10.65445    ; 15.03586     ; 15.64502    
-0.55841     ; 0.99231      ; 0.11487      ; 1.14442      ; -4.80011     ; -12.89749    ; 20.72571     ; 21.29743    
-0.59894     ; 0.97974      ; 0.14819      ; 1.15783      ; -7.25250     ; -16.00037    ; 27.91092     ; 28.85443    
-0.61542     ; 1.00281      ; 0.20020      ; 1.19350      ; -8.69553     ; -20.02289    ; 33.72787     ; 34.84519    
-0.60614     ; 1.08008      ; 0.20142      ; 1.25481      ; -9.56284     ; -27.53708    ; 40.88318     ; 42.00058    
-0.63440     ; 1.08484      ; 0.16418      ; 1.26740      ; -18.99857    ; -26.01929    ; 52.94327     ; 56.25933    
-0.70282     ; 1.09381      ; 0.17529      ; 1.31191      ; -21.98929    ; -24.98749    ; 66.16974     ; 69.73636    
-0.80542     ; 1.09802      ; 0.22668      ; 1.38049      ; -20.92758    ; -28.96515    ; 70.97733     ; 74.00642    
-0.87946     ; 1.13916      ; 0.28845      ; 1.46776      ; -9.18152     ; -39.97849    ; 75.82230     ; 76.38467    
-0.91614     ; 1.17444      ; 0.27618      ; 1.51489      ; 6.37772      ; -56.09848    ; 79.50089     ; 79.76494    
-0.87915     ; 1.20312      ; 0.18420      ; 1.50145      ; 11.47690     ; -64.16595    ; 81.84860     ; 82.65810    
-0.84094     ; 1.16852      ; 0.11664      ; 1.44438      ; 10.13107     ; -61.26495    ; 82.75330     ; 83.37933    
-0.80737     ; 1.09845      ; 0.16205      ; 1.37284      ; 7.55905      ; -52.73392    ; 86.60385     ; 86.94006    
-0.75665     ; 1.04431      ; 0.23608      ; 1.31105      ; 4.37393      ; -48.03101    ; 87.80014     ; 87.91522    
-0.77832     ; 0.94714      ; 0.25092      ; 1.25133      ; -3.49915     ; -39.55978    ; 92.83951     ; 92.91026    
-0.85565     ; 0.83002      ; 0.22131      ; 1.21246      ; -11.05820    ; -31.64932    ; 95.52368     ; 96.16521    
-0.88593     ; 0.72900      ; 0.25342      ; 1.17496      ; -19.79111    ; -23.75381    ; 88.42072     ; 90.61149    
-0.88812     ; 0.61005      ; 0.31110      ; 1.12147      ; -29.36142    ; -15.59662    ; 76.66718     ; 82.09946    
-0.84534     ; 0.52264      ; 0.32507      ; 1.04567      ; -17.09946    ; -10.78903    ; 65.96039     ; 68.14277    
-0.77618     ; 0.51819      ; 0.32056      ; 0.98678      ; -9.84695     ; -9.98154     ; 60.30792     ; 61.10873    
-0.68304     ; 0.60358      ; 0.22852      ; 0.93972      ; 3.43185      ; -13.50311    ; 48.62915     ; 48.75383    
-0.63263     ; 0.65503      ; 0.14368      ; 0.92191      ; 7.14035      ; -13.39096    ; 36.87561     ; 37.56627    
-0.61176     ; 0.65271      ; 0.12085      ; 0.90271      ; -0.17944     ; -1.98883     ; 28.95767     ; 28.96558    
-0.66901     ; 0.59753      ; 0.14575      ; 0.90877      ; -8.44131     ; 15.12558     ; 29.81750     ; 30.99510    
-0.66785     ; 0.58539      ; 0.27173      ; 0.92873      ; -13.16666    ; 18.36304     ; 18.15369     ; 22.43345    
-0.65247     ; 0.55737      ; 0.33069      ; 0.91964      ; -13.21899    ; 19.25278     ; 8.20206      ; 15.56683    
-0.66254     ; 0.53253      ; 0.36273      ; 0.92419      ; -10.66193    ; 23.49213     ; -4.18701     ; 11.46697    
-0.68811     ; 0.54828      ; 0.35297      ; 0.94799      ; -4.47861     ; 18.87894     ; -13.58536    ; 14.31504    
-0.72534     ; 0.58453      ; 0.29510      ; 0.97718      ; -4.02252     ; 8.29178      ; -25.57068    ; 25.89174    
-0.70984     ; 0.64502      ; 0.26581      ; 0.99528      ; -2.83371     ; 13.61526     ; -42.27386    ; 42.37364    
-0.70667     ; 0.67017      ; 0.27216      ; 1.01122      ; 1.94397      ; 17.47330     ; -52.03110    ; 52.07171    
-0.71252     ; 0.71063      ; 0.27698      ; 1.04375      ; 5.33096      ; 17.95181     ; -56.52466    ; 56.77994    
-0.72302     ; 0.75763      ; 0.30103      ; 1.08967      ; 4.00009      ; 19.86588     ; -65.74356    ; 65.86950    
-0.75940     ; 0.79401      ; 0.32959      ; 1.14707      ; -3.46176     ; 24.40430     ; -67.97913    ; 68.07185    
-0.78259     ; 0.81671      ; 0.34668      ; 1.18307      ; -1.68976     ; 26.93146     ; -68.94363    ; 68.96918    
-0.81744     ; 0.83905      ; 0.34290      ; 1.22057      ; 2.72156      ; 25.60059     ; -73.78113    ; 73.83607    
-0.83228     ; 0.87054      ; 0.34521      ; 1.25288      ; 2.26547      ; 23.63419     ; -79.38873    ; 79.42582    
-0.84656     ; 0.88898      ; 0.29944      ; 1.26357      ; 2.22809      ; 22.01172     ; -80.15884    ; 80.19473    
-0.84082     ; 0.93811      ; 0.20160      ; 1.27580      ; 11.27502     ; 20.09018     ; -85.25803    ; 86.00545    
-0.81512     ; 1.08099      ; 0.11176      ; 1.35848      ; 23.77625     ; 23.08838     ; -90.83572    ; 93.90211    
-0.79437     ; 1.12885      ; 0.04889      ; 1.38120      ; 23.61176     ; 29.71283     ; -88.16650    ; 91.28046    
-0.73926     ; 1.09290      ; 0.08453      ; 1.32215      ; 10.97595     ; 38.49060     ; -89.66187    ; 90.33779    
-0.71112     ; 1.06165      ; 0.17426      ; 1.28963      ; -10.36285    ; 51.56006     ; -89.54224    ; 90.14615    
-0.73212     ; 1.05499      ; 0.23010      ; 1.30459      ; -22.32574    ; 58.64059     ; -84.83185    ; 87.72681    
-0.70508     ; 1.06201      ; 0.21472      ; 1.29271      ; -32.98019    ; 68.86887     ; -74.58862    ; 81.56153    
-0.68298     ; 1.05408      ; 0.17212      ; 1.26774      ; -36.88309    ; 68.29315     ; -71.02219    ; 80.03514    
-0.63660     ; 1.04443      ; 0.15479      ; 1.23291      ; -33.68301    ; 61.54907     ; -70.11002    ; 77.78850    
-0.60486     ; 1.02332      ; 0.15686      ; 1.19901      ; -23.65662    ; 49.79553     ; -68.45016    ; 72.43002    
-0.57312     ; 1.01068      ; 0.17053      ; 1.17432      ; -7.77588     ; 32.77084     ; -67.17163    ; 67.62776    
-0.54510     ; 1.03485      ; 0.13837      ; 1.17780      ; -0.13458     ; 22.82669     ; -65.78094    ; 65.78922    
-0.52222     ; 1.05310      ; 0.09741      ; 1.17950      ; 8.45627      ; 6.93100      ; -61.27991    ; 61.86958    
-0.47571     ; 1.07062      ; 0.08337      ; 1.17451      ; 11.77597     ; 1.09161      ; -54.99191    ; 56.24883    
-0.45581     ; 1.04828      ; 0.07922      ; 1.14583      ; 7.68616      ; 6.25061      ; -47.44781    ; 48.07776    
-0.45508     ; 1.00446      ; 0.11896      ; 1.10913      ; -3.94775     ; 15.65643     ; -33.81012    ; 34.05463    
-0.46442     ; 0.98413      ; 0.12933      ; 1.09587      ; -11.11801    ; 17.58545     ; -18.87146    ; 21.92512    
-0.47650     ; 1.00092      ; 0.11432      ; 1.11443      ; -10.38528    ; 15.72372     ; -13.27881    ; 16.88735    
-0.46887     ; 1.02393      ; 0.12128      ; 1.13268      ; -9.97406     ; 9.84695      ; -4.08234     ; 10.82570    
-0.48474     ; 1.00415      ; 0.16162      ; 1.12668      ; -15.04333    ; 5.23376      ; 4.94217      ; 15.86617    
-0.50891     ; 0.98370      ; 0.20422      ; 1.12622      ; -14.67697    ; 1.65237      ; 14.25827     ; 20.48608    
-0.53302     ; 0.98822      ; 0.21863      ; 1.14389      ; -10.41519    ; -8.44879     ; 22.21359     ; 24.55395    
-0.54926     ; 1.00385      ; 0.21442      ; 1.16420      ; -5.36087     ; -21.27151    ; 30.20630     ; 30.69474    
-0.57574     ; 1.04053      ; 0.18500      ; 1.20350      ; 2.84119      ; -32.82318    ; 36.59897     ; 36.72383    
-0.58990     ; 1.07892      ; 0.18665      ; 1.24374      ; 2.51968      ; -37.04758    ; 40.53177     ; 40.62434    
-0.62225     ; 1.15399      ; 0.15436      ; 1.32012      ; 0.59814      ; -42.74490    ; 50.43854     ; 50.45528    
-0.64221     ; 1.22681      ; 0.02429      ; 1.38495      ; 15.54428     ; -41.59348    ; 65.16785     ; 67.00730    
-0.77026     ; 1.19244      ; 0.05432      ; 1.42063      ; 5.36087      ; -30.39322    ; 80.92148     ; 81.10762    
-0.81061     ; 1.22736      ; 0.26385      ; 1.49436      ; -15.26016    ; -22.22855    ; 88.28613     ; 89.60368    
-0.84583     ; 1.23297      ; 0.40546      ; 1.54920      ; -20.99487    ; -28.63617    ; 95.48630     ; 97.77493    
-0.88086     ; 1.17450      ; 0.43225      ; 1.53043      ; -21.40610    ; -34.13162    ; 100.76492    ; 103.02024   
-0.91302     ; 1.12396      ; 0.29980      ; 1.47878      ; -13.63022    ; -51.73950    ; 106.29028    ; 107.16656   
-0.90527     ; 1.10846      ; 0.11707      ; 1.43593      ; -2.76642     ; -60.45746    ; 106.46973    ; 106.51143   
-0.85767     ; 1.04022      ; 0.09271      ; 1.35139      ; 0.31403      ; -54.64798    ; 103.43414    ; 103.43985   
-0.78333     ; 1.00427      ; 0.20044      ; 1.28932      ; 5.89172      ; -44.36737    ; 97.87888     ; 98.06118    
-0.75708     ; 0.92206      ; 0.24872      ; 1.21870      ; 5.01694      ; -39.88129    ; 96.82465     ; 96.95892    
-0.77057     ; 0.81555      ; 0.25110      ; 1.14976      ; 1.94397      ; -37.32422    ; 96.83960     ; 96.86254    
-0.80341     ; 0.73340      ; 0.23749      ; 1.11343      ; -7.70111     ; -29.81003    ; 94.24515     ; 94.56211    
-0.81384     ; 0.66132      ; 0.24072      ; 1.07593      ; -13.91434    ; -22.50519    ; 85.28793     ; 86.41804    
-0.78815     ; 0.66235      ; 0.17480      ; 1.04424      ; -4.54590     ; -18.61725    ; 73.52692     ; 73.67029    
-0.74121     ; 0.66614      ; 0.11591      ; 1.00328      ; 2.74399      ; -11.08063    ; 60.50232     ; 60.56818    
-0.68335     ; 0.65851      ; 0.17474      ; 0.96495      ; -0.08972     ; -3.31970     ; 45.66086     ; 45.66570    
-0.67163     ; 0.63275      ; 0.23889      ; 0.95317      ; 0.42618      ; 4.18701      ; 43.85147     ; 43.85810    
-0.66595     ; 0.60541      ; 0.27307      ; 0.94052      ; -7.48428     ; 10.78156     ; 39.20090     ; 39.91355    
-0.62708     ; 0.58325      ; 0.33759      ; 0.92053      ; -24.94263    ; 15.53680     ; 24.48654     ; 34.95805    
-0.60522     ; 0.54169      ; 0.36743      ; 0.89147      ; -31.87363    ; 25.59311     ; 12.92740     ; 34.39970    
-0.63239     ; 0.48352      ; 0.36115      ; 0.87414      ; -30.90912    ; 30.61005     ; 10.10864     ; 32.52372    
-0.66626     ; 0.45087      ; 0.31750      ; 0.86487      ; -15.82092    ; 29.45862     ; -4.03000     ; 16.33235    
-0.69141     ; 0.43854      ; 0.28479      ; 0.86687      ; -7.87308     ; 25.37628     ; -14.11621    ; 16.16926    
-0.71173     ; 0.50708      ; 0.27094      ; 0.91493      ; 0.57571      ; 2.90848      ; -29.14459    ; 29.15469    
-0.71320     ; 0.61469      ; 0.21191      ; 0.96509      ; 11.46194     ; -0.20187     ; -47.03659    ; 48.41689    
-0.71039     ; 0.71570      ; 0.16284      ; 1.02147      ; 17.05460     ; 6.93100      ; -61.53412    ; 63.85780    
-0.71967     ; 0.74243      ; 0.17505      ; 1.04870      ; 14.56482     ; 13.56293     ; -71.42593    ; 72.89958    
-0.72382     ; 0.73535      ; 0.25958      ; 1.06397      ; 5.70480      ; 22.99118     ; -80.09155    ; 80.29784    
-0.75555     ; 0.75604      ; 0.29266      ; 1.10820      ; 1.13647      ; 27.38754     ; -82.33459    ; 82.34591    
-0.80011     ; 0.81085      ; 0.29382      ; 1.17643      ; -1.61499     ; 36.59897     ; -85.43747    ; 85.45658    
-0.85638     ; 0.89948      ; 0.26294      ; 1.26948      ; 5.90668      ; 34.72977     ; -87.23190    ; 87.43628    
-0.88336     ; 0.97040      ; 0.24023      ; 1.33406      ; 15.42465     ; 32.98019     ; -92.11426    ; 93.40181    
-0.87671     ; 0.99994      ; 0.20844      ; 1.34608      ; 18.03406     ; 34.19891     ; -96.48819    ; 98.16414    
-0.83301     ; 1.03235      ; 0.22119      ; 1.34483      ; 14.68445     ; 36.12045     ; -104.89960   ; 105.92744   
-0.81403     ; 1.13696      ; 0.24432      ; 1.41951      ; 13.98163     ; 34.05685     ; -106.84357   ; 107.76051   
-0.82391     ; 1.16241      ; 0.20148      ; 1.43897      ; 14.95361     ; 32.54654     ; -106.94077   ; 107.98745   
-0.78540     ; 1.18219      ; 0.23395      ; 1.43846      ; 9.61517      ; 36.84570     ; -108.20435   ; 108.63715   
-0.73035     ; 1.17999      ; 0.26666      ; 1.41312      ; -0.03738     ; 39.84390     ; -110.84366   ; 110.84995   
-0.67157     ; 1.16620      ; 0.25677      ; 1.37002      ; -10.01144    ; 40.73364     ; -106.57440   ; 107.04995   
-0.64569     ; 1.14960      ; 0.20673      ; 1.33463      ; -11.05072    ; 39.25323     ; -97.81906    ; 98.44800    
-0.61163     ; 1.13422      ; 0.12927      ; 1.29509      ; -12.02271    ; 36.90552     ; -88.99643    ; 89.81200    
-0.60071     ; 1.10785      ; 0.07764      ; 1.26262      ; -13.76480    ; 31.95587     ; -86.42441    ; 87.52071    
-0.58740     ; 1.07477      ; 0.06848      ; 1.22673      ; -17.22656    ; 29.32404     ; -78.10272    ; 79.98715    
-0.56799     ; 1.06738      ; 0.07697      ; 1.21155      ; -11.15540    ; 26.31836     ; -72.09137    ; 72.95716    
-0.54303     ; 1.07416      ; 0.07886      ; 1.20620      ; -6.72913     ; 16.79291     ; -64.54727    ; 64.90598    
-0.51135     ; 1.07629      ; 0.09143      ; 1.19509      ; -6.10855     ; 12.11990     ; -55.57510    ; 55.92017    
-0.46332     ; 1.07684      ; 0.09229      ; 1.17591      ; -8.21701     ; 15.04333     ; -44.71878    ; 45.48019    
-0.44733     ; 1.05811      ; 0.10504      ; 1.15357      ; -13.25638    ; 18.28827     ; -37.96722    ; 40.22886    
-0.46350     ; 1.01709      ; 0.11896      ; 1.12404      ; -24.41177    ; 26.81183     ; -21.66779    ; 32.65673    
-0.50592     ; 0.99634      ; 0.12469      ; 1.12436      ; -27.50717    ; 26.24359     ; -9.17404     ; 29.01379    
-0.52161     ; 0.99518      ; 0.13263      ; 1.13139      ; -21.59302    ; 15.46204     ; 1.95892      ; 21.70452    
-0.50769     ; 1.01160      ; 0.15723      ; 1.14271      ; -12.56851    ; -0.96451     ; 11.26755     ; 16.91001    
-0.51483     ; 1.00208      ; 0.15118      ; 1.13669      ; -3.46924     ; -12.88254    ; 20.08270     ; 20.40477    
-0.53638     ; 0.98547      ; 0.16357      ; 1.13385      ; -2.75894     ; -15.67886    ; 25.22675     ; 25.39629    
-0.56061     ; 0.96021      ; 0.14532      ; 1.12134      ; -5.35339     ; -20.06027    ; 34.90173     ; 35.32296    
-0.58789     ; 0.94928      ; 0.11896      ; 1.12290      ; -3.85803     ; -25.82489    ; 42.19162     ; 42.37828    
-0.61938     ; 0.97791      ; 0.08081      ; 1.16037      ; 0.11963      ; -32.30728    ; 46.08704     ; 46.09756    
-0.63397     ; 1.02600      ; 0.02887      ; 1.20641      ; 0.85236      ; -33.38394    ; 50.40863     ; 50.42627    
-0.67004     ; 1.03003      ; 0.06055      ; 1.23028      ; -2.12341     ; -28.26981    ; 56.71158     ; 56.76066    
-0.70752     ; 1.04669      ; 0.16699      ; 1.27438      ; -5.63004     ; -26.99875    ; 58.87238     ; 59.15023    
-0.72919     ; 1.12579      ; 0.25281      ; 1.36493      ; -9.09180     ; -30.34088    ; 61.96777     ; 62.64130    
-0.78827     ; 1.18793      ; 0.27161      ; 1.45131      ; -3.02063     ; -37.74292    ; 66.97723     ; 67.05584    
-0.81927     ; 1.26178      ; 0.24176      ; 1.52373      ; 1.54022      ; -45.45898    ; 74.11758     ; 74.14433    
-0.85779     ; 1.30310      ; 0.10803      ; 1.56382      ; 4.04495      ; -47.08145    ; 82.17758     ; 82.28739    
-0.86884     ; 1.24756      ; 0.11273      ; 1.52446      ; 0.82993      ; -39.81400    ; 91.47125     ; 91.48352    
-0.89343     ; 1.16144      ; 0.17932      ; 1.47625      ; 0.47104      ; -37.56348    ; 94.14047     ; 94.14881    
-0.87207     ; 1.06415      ; 0.25946      ; 1.40008      ; -1.00189     ; -33.63068    ; 96.79474     ; 96.80577    
-0.86224     ; 0.94415      ; 0.32379      ; 1.31899      ; -1.91406     ; -32.93533    ; 96.96671     ; 96.99019    
-0.83130     ; 0.85547      ; 0.35388      ; 1.24423      ; -3.33466     ; -37.13730    ; 90.71609     ; 90.78139    
-0.82434     ; 0.78418      ; 0.37457      ; 1.19782      ; -10.40771    ; -38.83453    ; 82.88788     ; 83.54242    
-0.82300     ; 0.71295      ; 0.34625      ; 1.14259      ; -12.43393    ; -33.98956    ; 82.32712     ; 83.26383    
-0.80457     ; 0.66669      ; 0.26770      ; 1.07864      ; -6.08612     ; -30.47546    ; 80.95139     ; 81.18259    
-0.76672     ; 0.63776      ; 0.20349      ; 1.01784      ; -0.36636     ; -25.06973    ; 71.87454     ; 71.87830    
-0.73096     ; 0.60626      ; 0.19940      ; 0.97037      ; 2.00378      ; -18.99109    ; 58.73779     ; 58.77509    
-0.69171     ; 0.60004      ; 0.22681      ; 0.94337      ; 8.62823      ; -14.41528    ; 46.42349     ; 47.22232    
-0.65576     ; 0.59973      ; 0.21460      ; 0.91420      ; 2.89352      ; -3.04306     ; 39.42520     ; 39.53579    
-0.63507     ; 0.61249      ; 0.24054      ; 0.91450      ; -4.83749     ; 5.51041      ; 34.58771     ; 34.92973    
-0.60583     ; 0.61194      ; 0.29016      ; 0.90868      ; -7.91794     ; 8.48618      ; 28.48663     ; 29.57290    
-0.59949     ; 0.57965      ; 0.33392      ; 0.89827      ; -9.47311     ; 14.50500     ; 18.65463     ; 20.93015    
-0.60834     ; 0.56085      ; 0.37280      ; 0.90753      ; -4.05991     ; 10.90118     ; 16.53870     ; 17.03895    
-0.62781     ; 0.55078      ; 0.32739      ; 0.89704      ; -2.77390     ; 11.80588     ; 6.74408      ; 7.31303     
-0.64331     ; 0.55524      ; 0.28009      ; 0.89476      ; -6.45996     ; 15.72372     ; -9.22638     ; 11.27677    
-0.66034     ; 0.57013      ; 0.27667      ; 0.91523      ; -12.03018    ; 22.82669     ; -19.36493    ; 22.80462    
-0.68750     ; 0.57581      ; 0.31012      ; 0.94888      ; -13.15170    ; 24.32953     ; -24.93515    ; 28.19682    
-0.68933     ; 0.60358      ; 0.30011      ; 0.96413      ; -9.50302     ; 22.40051     ; -39.82895    ; 40.95140    
-0.68359     ; 0.67743      ; 0.25879      ; 0.99659      ; -4.95712     ; 20.59113     ; -53.19748    ; 53.43224    
-0.66486     ; 0.73523      ; 0.20490      ; 1.01221      ; -5.61508     ; 21.53320     ; -60.71915    ; 60.98266    
-0.70081     ; 0.75549      ; 0.18127      ; 1.04631      ; -10.81894    ; 30.25864     ; -63.87436    ; 64.78854    
-0.74646     ; 0.76746      ; 0.19745      ; 1.08866      ; -12.26944    ; 38.74481     ; -65.57907    ; 66.72138    
-0.77814     ; 0.78070      ; 0.23395      ; 1.12682      ; -12.75543    ; 41.25702     ; -71.62033    ; 72.75151    
-0.80975     ; 0.81708      ; 0.26404      ; 1.18027      ; -7.88803     ; 42.16171     ; -75.96436    ; 76.37717    
-0.88672     ; 0.89380      ; 0.25787      ; 1.28516      ; -0.36636     ; 38.89435     ; -82.27478    ; 82.28045    
-0.95093     ; 0.95508      ; 0.25836      ; 1.37229      ; 3.45428      ; 36.24756     ; -86.85059    ; 86.92450    
-0.99609     ; 1.01465      ; 0.27081      ; 1.44743      ; 10.60959     ; 35.41016     ; -93.57224    ; 94.17726    
-0.91589     ; 1.04572      ; 0.27002      ; 1.41608      ; 19.48456     ; 31.20071     ; -106.40244   ; 108.17680   
-0.78833     ; 1.14679      ; 0.28674      ; 1.42085      ; 26.80435     ; 26.41556     ; -116.49612   ; 119.54554   
-0.72894     ; 1.25793      ; 0.24945      ; 1.47512      ; 29.33151     ; 23.63419     ; -116.62323   ; 120.26179   
-0.67261     ; 1.25281      ; 0.25000      ; 1.44375      ; 17.39853     ; 26.25107     ; -110.04364   ; 111.41759   
-0.67065     ; 1.15820      ; 0.26849      ; 1.36503      ; -12.31430    ; 36.26251     ; -97.97607    ; 98.75371    
-0.69263     ; 1.09314      ; 0.24756      ; 1.31756      ; -39.11865    ; 47.43286     ; -80.80185    ; 89.77975    
-0.72321     ; 1.05457      ; 0.17365      ; 1.29046      ; -33.22693    ; 45.15991     ; -67.29874    ; 75.06171    
-0.72095     ; 1.01837      ; 0.07135      ; 1.24977      ; -13.06946    ; 30.37827     ; -67.23892    ; 68.50489    
-0.67926     ; 0.99615      ; 0.03656      ; 1.20626      ; -7.81326     ; 23.49213     ; -67.95670    ; 68.41164    
-0.62695     ; 0.98157      ; 0.04462      ; 1.16556      ; -8.14224     ; 17.09198     ; -66.14731    ; 66.65378    
-0.57941     ; 0.98077      ; 0.06726      ; 1.14112      ; -10.84137    ; 17.23404     ; -62.75284    ; 63.69000    
-0.56409     ; 1.00153      ; 0.05847      ; 1.15094      ; -16.17233    ; 20.45654     ; -58.47610    ; 60.67950    
-0.54089     ; 1.00800      ; 0.05084      ; 1.14508      ; -23.44727    ; 28.23242     ; -49.08524    ; 54.40727    
-0.52087     ; 0.97235      ; 0.08154      ; 1.10609      ; -36.80832    ; 39.61960     ; -40.62897    ; 54.83166    
-0.51428     ; 0.92450      ; 0.14221      ; 1.06743      ; -42.40845    ; 43.70193     ; -36.71860    ; 56.10336    
-0.51611     ; 0.87286      ; 0.19049      ; 1.03177      ; -43.55240    ; 44.09073     ; -30.23621    ; 53.02642    
-0.52026     ; 0.88342      ; 0.24194      ; 1.05340      ; -31.85120    ; 32.67365     ; -26.93146    ; 41.72029    
-0.48853     ; 0.97742      ; 0.21979      ; 1.11459      ; -13.21152    ; 6.89362      ; -19.66400    ; 23.71018    
-0.44733     ; 1.08624      ; 0.10815      ; 1.17971      ; -2.10098     ; -11.48438    ; -12.83020    ; 13.04638    
-0.45062     ; 1.09619      ; 0.05914      ; 1.18667      ; 0.36636      ; -16.37421    ; -3.32718     ; 3.52221     
-0.47266     ; 1.05273      ; 0.07172      ; 1.15620      ; 0.20935      ; -15.10315    ; 3.76831      ; 3.91819     
-0.50201     ; 1.00720      ; 0.10889      ; 1.13063      ; -9.83948     ; -10.68436    ; 17.09946     ; 19.75402    
-0.55139     ; 0.95984      ; 0.15802      ; 1.11817      ; -21.56311    ; -12.84515    ; 30.15396     ; 37.08302    
-0.62177     ; 0.96967      ; 0.17041      ; 1.16442      ; -15.64896    ; -18.51257    ; 45.90012     ; 48.50413    
-0.65637     ; 1.01135      ; 0.19061      ; 1.22065      ; -8.95721     ; -26.60995    ; 56.66672     ; 57.37919    
-0.70392     ; 1.03839      ; 0.21307      ; 1.27246      ; -6.12350     ; -29.48105    ; 59.85184     ; 60.17323    
-0.75848     ; 1.05048      ; 0.24170      ; 1.31804      ; -4.67300     ; -32.66617    ; 63.63510     ; 63.81510    
-0.93915     ; 1.11108      ; 0.26172      ; 1.47818      ; -3.13278     ; -38.22144    ; 71.92688     ; 72.00365    
-1.08362     ; 1.06354      ; 0.37390      ; 1.56370      ; -20.91263    ; -48.95813    ; 80.29343     ; 82.97894    
-1.05792     ; 0.99677      ; 0.47723      ; 1.52987      ; -11.42456    ; -52.06100    ; 82.94022     ; 83.72929    
-0.96710     ; 0.90094      ; 0.33209      ; 1.36281      ; 4.27673      ; -43.20847    ; 76.00922     ; 76.13477    
-0.93127     ; 0.82166      ; 0.30884      ; 1.27975      ; -11.11801    ; -36.01578    ; 63.79211     ; 64.75893    
-0.96893     ; 0.52289      ; 0.29779      ; 1.14058      ; -19.46213    ; -28.65112    ; 61.88553     ; 64.87578    
-1.07605     ; 0.26086      ; 0.33923      ; 1.15802      ; -50.83481    ; -7.77588     ; 64.47250     ; 82.10329    
-1.18445     ; 0.20776      ; 0.27838      ; 1.23433      ; -40.83832    ; -11.82083    ; 55.83679     ; 69.17773    
-1.14893     ; 0.33197      ; 0.08545      ; 1.19897      ; -23.14819    ; -27.70905    ; 45.44403     ; 51.00107    
-1.05328     ; 0.47900      ; 0.06433      ; 1.15887      ; -3.48419     ; -23.99307    ; 32.93533     ; 33.12258    
-0.98981     ; 0.57245      ; 0.16858      ; 1.15578      ; 0.66544      ; -8.33664     ; 21.42853     ; 21.44650    
-0.96014     ; 0.63354      ; 0.26318      ; 1.18005      ; -3.11783     ; -3.58139     ; 16.78543     ; 17.08429    
-0.90564     ; 0.63959      ; 0.35730      ; 1.16487      ; -7.91794     ; 0.62805      ; 7.79083      ; 11.12654    
-0.79584     ; 0.63287      ; 0.39374      ; 1.09037      ; 7.82822      ; -11.88812    ; -5.77209     ; 9.74672     
-0.70599     ; 0.68573      ; 0.28558      ; 1.02480      ; 8.39645      ; -23.55942    ; -22.27341    ; 23.81334    
-0.68829     ; 0.72791      ; 0.12750      ; 1.00988      ; -0.40375     ; -16.00784    ; -32.26990    ; 32.28063    
-0.63562     ; 0.76483      ; 0.14252      ; 1.00463      ; 3.06549      ; -0.97198     ; -33.01010    ; 33.16096    
-0.64050     ; 0.72479      ; 0.20648      ; 0.98904      ; 0.18692      ; 8.15720      ; -31.23062    ; 31.23959    
-0.66779     ; 0.68823      ; 0.29163      ; 1.00232      ; -4.17953     ; 15.64896     ; -23.97064    ; 24.34202    
-0.67517     ; 0.76752      ; 0.32831      ; 1.07365      ; -0.13458     ; 10.44510     ; -24.17252    ; 24.18507    
-0.65173     ; 0.83209      ; 0.35742      ; 1.11574      ; -10.87875    ; 13.88443     ; -25.14450    ; 27.40959    
-0.64142     ; 0.87976      ; 0.40741      ; 1.16249      ; -15.94803    ; 19.96307     ; -22.54257    ; 27.62754    
-0.63367     ; 0.92133      ; 0.37946      ; 1.18083      ; -14.07135    ; 15.11810     ; -21.62292    ; 25.81478    
-0.62799     ; 0.92633      ; 0.32007      ; 1.16400      ; -11.37222    ; 11.86569     ; -17.83218    ; 21.17008    
-0.62042     ; 0.89569      ; 0.32245      ; 1.13629      ; -5.52536     ; 12.09000     ; -15.97046    ; 16.92299    
-0.62891     ; 0.86334      ; 0.33234      ; 1.11863      ; -16.89011    ; 18.37051     ; -9.19647     ; 19.25087    
-0.65295     ; 0.80823      ; 0.34283      ; 1.09413      ; -39.35043    ; 26.01929     ; -3.42438     ; 39.50742    
-0.65155     ; 0.80524      ; 0.33765      ; 1.08946      ; -44.40475    ; 26.46790     ; -7.56653     ; 45.05200    
-0.62909     ; 0.80414      ; 0.31659      ; 1.06893      ; -25.52582    ; 16.64337     ; -12.31430    ; 28.35235    
-0.61261     ; 0.81641      ; 0.33490      ; 1.07423      ; 2.87857      ; 9.39087      ; -14.26575    ; 14.57615    
-0.62354     ; 0.83954      ; 0.32947      ; 1.09644      ; 6.95343      ; 9.78714      ; -14.05640    ; 15.70469    
-0.65161     ; 0.82428      ; 0.33923      ; 1.10413      ; -7.63382     ; 14.53491     ; -9.89929     ; 12.52799    
-0.68341     ; 0.79572      ; 0.36774      ; 1.11151      ; -15.91812    ; 15.37231     ; -5.13657     ; 16.74527    
-0.67902     ; 0.78485      ; 0.35333      ; 1.09631      ; -13.74985    ; 9.07684      ; -7.07306     ; 15.48233    
-0.65808     ; 0.84729      ; 0.30420      ; 1.11513      ; -1.72714     ; 1.41312      ; -8.17215     ; 8.39553     
-0.65869     ; 0.86157      ; 0.29004      ; 1.12263      ; 2.19070      ; 5.24124      ; -3.94028     ; 4.58991     
-0.65546     ; 0.86487      ; 0.31433      ; 1.12979      ; 1.63742      ; 8.91983      ; -1.12900     ; 2.16882     
-0.66553     ; 0.81561      ; 0.32001      ; 1.10025      ; -4.41879     ; 13.93677     ; 5.49545      ; 7.09866     
-0.67438     ; 0.79578      ; 0.32428      ; 1.09234      ; -11.84326    ; 11.82083     ; 7.88055      ; 14.24778    
-0.67517     ; 0.78009      ; 0.31677      ; 1.07923      ; -15.85083    ; 10.54230     ; 8.18710      ; 17.85738    
-0.69019     ; 0.74805      ; 0.29242      ; 1.05898      ; -16.62842    ; 11.05820     ; 9.00955      ; 18.92712    
-0.68787     ; 0.76904      ; 0.26843      ; 1.06613      ; -10.54977    ; 11.97784     ; 6.46744      ; 12.39826    
-0.68756     ; 0.75781      ; 0.28461      ; 1.06208      ; -9.16656     ; 13.24890     ; 6.16089      ; 11.07053    
-0.68616     ; 0.74957      ; 0.28186      ; 1.05457      ; -2.60193     ; 17.95929     ; 5.07675      ; 5.75372     
-0.67731     ; 0.71619      ; 0.36169      ; 1.05000      ; -26.34827    ; 20.47150     ; 5.26367      ; 26.87844    
-0.67468     ; 0.72559      ; 0.34015      ; 1.04756      ; -18.78174    ; 12.05261     ; 0.47104      ; 18.80165    
-0.67664     ; 0.76562      ; 0.26978      ; 1.05679      ; -8.37402     ; 2.25052      ; -3.56644     ; 9.13400     
-0.65906     ; 0.80219      ; 0.28058      ; 1.07545      ; -3.18512     ; 6.72165      ; -5.02441     ; 6.00277     
-0.62128     ; 0.86530      ; 0.32178      ; 1.11277      ; -4.88235     ; 12.09000     ; -5.22629     ; 7.20418     
-0.62561     ; 0.85925      ; 0.33673      ; 1.11494      ; -18.24341    ; 18.62473     ; -0.86731     ; 18.28421    
-0.65674     ; 0.83173      ; 0.36298      ; 1.12019      ; -25.69031    ; 19.91074     ; 2.40005      ; 25.81557    
-0.66870     ; 0.80243      ; 0.36780      ; 1.10740      ; -17.27890    ; 13.71246     ; 2.93091      ; 17.54407    
-0.65680     ; 0.78839      ; 0.35602      ; 1.08614      ; -8.12729     ; 5.95154      ; 0.93460      ; 8.21875     
-0.65753     ; 0.77075      ; 0.31201      ; 1.06007      ; -3.14774     ; 2.14584      ; -2.75146     ; 4.25122     
-0.66180     ; 0.80920      ; 0.30597      ; 1.08923      ; -2.71408     ; 2.46735      ; -4.04495     ; 4.93788     
-0.64948     ; 0.82227      ; 0.31775      ; 1.09494      ; -5.63751     ; 6.30295      ; -5.57770     ; 7.97298     
-0.66382     ; 0.78406      ; 0.32312      ; 1.07694      ; -0.17944     ; 7.99271      ; -2.31033     ; 2.44634     
-0.65594     ; 0.76117      ; 0.34882      ; 1.06363      ; 5.51788      ; 4.23187      ; -3.64120     ; 6.65468     
-0.64404     ; 0.77637      ; 0.34180      ; 1.06506      ; 11.44699     ; -3.79074     ; -6.37024     ; 13.12312    
-0.65558     ; 0.78894      ; 0.29596      ; 1.06762      ; 6.87866      ; -3.31223     ; -6.16837     ; 9.27293     
-0.68237     ; 0.79327      ; 0.24792      ; 1.07535      ; 1.24115      ; -2.01126     ; -5.82443     ; 6.00781     
-0.67841     ; 0.83575      ; 0.23212      ; 1.10118      ; -1.89911     ; 4.02252      ; -6.24313     ; 6.57889     
-0.64380     ; 0.84375      ; 0.25543      ; 1.09162      ; -7.02072     ; 14.67697     ; -6.19827     ; 9.40325     
-0.64954     ; 0.80664      ; 0.27740      ; 1.07216      ; -19.53690    ; 25.03235     ; 1.63742      ; 19.62198    
-0.66437     ; 0.79541      ; 0.29565      ; 1.07772      ; -24.20242    ; 29.24927     ; 4.90479      ; 24.70722    
-0.65869     ; 0.78870      ; 0.33264      ; 1.08008      ; -25.84732    ; 29.70535     ; 3.24493      ; 26.06215    
-0.64172     ; 0.80902      ; 0.30603      ; 1.07702      ; -23.44727    ; 27.01370     ; 1.57761      ; 23.51420    
-0.65149     ; 0.85760      ; 0.29425      ; 1.11647      ; -26.40060    ; 21.65283     ; -0.87479     ; 26.42901    
-0.66071     ; 0.89459      ; 0.29968      ; 1.15180      ; -23.03604    ; 20.59113     ; -0.51590     ; 23.05918    
-0.66205     ; 0.84491      ; 0.29651      ; 1.11360      ; -16.04523    ; 15.86578     ; 2.89352      ; 16.32592    
-0.67657     ; 0.80212      ; 0.32275      ; 1.09787      ; -11.61896    ; 16.77795     ; 3.37952      ; 12.12702    
-0.66107     ; 0.82269      ; 0.36615      ; 1.11710      ; -9.30115     ; 18.50510     ; -0.20187     ; 9.33964     
-0.63470     ; 0.84564      ; 0.36139      ; 1.11739      ; -10.69183    ; 17.65274     ; -1.00189     ; 10.77192    
-0.63843     ; 0.83258      ; 0.30371      ; 1.09225      ; -15.97794    ; 15.81345     ; 0.36636      ; 16.00381    
-0.65717     ; 0.80603      ; 0.23859      ; 1.06699      ; -13.71246    ; 13.49564     ; 2.81876      ; 14.02236    
-0.70654     ; 0.76495      ; 0.26367      ; 1.07419      ; -9.66751     ; 14.35547     ; 4.61319      ; 10.73906    
-0.68262     ; 0.78339      ; 0.26514      ; 1.07236      ; -8.74039     ; 15.86578     ; 0.23178      ; 8.77848     
-0.66809     ; 0.78748      ; 0.29718      ; 1.07461      ; -18.47519    ; 20.49393     ; 2.01126      ; 18.60102    
-0.67908     ; 0.79749      ; 0.29791      ; 1.08898      ; -21.80984    ; 21.83975     ; 4.53094      ; 22.28979    
-0.66321     ; 0.82312      ; 0.27057      ; 1.09114      ; -26.32584    ; 22.72202     ; 4.92722      ; 26.79561    
-0.64240     ; 0.82117      ; 0.25287      ; 1.07281      ; -26.76697    ; 22.78183     ; 2.87857      ; 26.93383    
-0.65039     ; 0.84131      ; 0.27679      ; 1.09883      ; -23.14072    ; 25.57068     ; 2.16080      ; 23.25660    
-0.64160     ; 0.84650      ; 0.35529      ; 1.12002      ; -17.95929    ; 27.93335     ; 3.28979      ; 18.27773    
-0.63483     ; 0.85724      ; 0.40216      ; 1.14000      ; -12.85263    ; 24.77066     ; 4.43375      ; 13.62289    
-0.65472     ; 0.79974      ; 0.35913      ; 1.09418      ; -13.67508    ; 19.55933     ; 7.45438      ; 15.59536    
-0.66925     ; 0.79059      ; 0.30908      ; 1.08095      ; -10.75165    ; 15.93307     ; 7.48428      ; 13.12393    
-0.67432     ; 0.81445      ; 0.27283      ; 1.09200      ; -10.94604    ; 12.50122     ; 4.55338      ; 11.88328    
-0.67841     ; 0.81689      ; 0.23846      ; 1.08831      ; -11.60400    ; 12.92740     ; 2.49725      ; 11.89775    
-0.68585     ; 0.79926      ; 0.26605      ; 1.08627      ; -12.00775    ; 16.26953     ; 1.99631      ; 12.19878    
-0.66504     ; 0.79346      ; 0.31207      ; 1.08131      ; -7.76840     ; 15.27512     ; -1.60004     ; 7.97106     
-0.67297     ; 0.78400      ; 0.32800      ; 1.08403      ; -4.91226     ; 9.36844      ; -3.16269     ; 5.89471     
-0.68304     ; 0.78625      ; 0.31207      ; 1.08726      ; -3.59634     ; 7.68616      ; -4.31412     ; 5.67129     
-0.68707     ; 0.81116      ; 0.27179      ; 1.09723      ; -4.50851     ; 7.61887      ; -5.45807     ; 7.12567     
-0.68378     ; 0.80621      ; 0.29541      ; 1.09763      ; -12.01523    ; 13.76480     ; -2.45239     ; 12.28942    
-0.68781     ; 0.80194      ; 0.32019      ; 1.10395      ; -8.90488     ; 15.67139     ; -0.48599     ; 8.95411     
